{
    "episode_index": {
        "min": [
            0
        ],
        "max": [
            4700
        ],
        "mean": [
            2355.8425049999387
        ],
        "std": [
            1356.166295857896
        ]
    },
    "observation.state": {
        "min": [
            -0.2293751984834671,
            -0.2463226616382599,
            -0.016539931297302246,
            0.050654057413339615,
            -0.7381272912025452,
            0.18662498891353607,
            -0.5036122798919678,
            0.0,
            0.0,
            0.0,
            0.0,
            0.0,
            0.0,
            0.0,
            0.0,
            0.0,
            0.0,
            0.0,
            0.0,
            0.0,
            0.0,
            0.0,
            0.0,
            0.0,
            0.0,
            0.0,
            0.0,
            0.0,
            0.0,
            0.0,
            0.0,
            0.0
        ],
        "max": [
            0.5613413453102112,
            0.46380090713500977,
            0.43474793434143066,
            0.946326494216919,
            0.5338715314865112,
            0.9078298211097717,
            0.7109504342079163,
            1.0,
            0.0,
            0.0,
            0.0,
            0.0,
            0.0,
            0.0,
            0.0,
            0.0,
            0.0,
            0.0,
            0.0,
            0.0,
            0.0,
            0.0,
            0.0,
            0.0,
            0.0,
            0.0,
            0.0,
            0.0,
            0.0,
            0.0,
            0.0,
            0.0
        ],
        "mean": [
            0.2831816441738326,
            -0.018351137348546206,
            0.08275815016502325,
            0.6580918786330001,
            -0.08476999171745321,
            0.6954343717616256,
            0.06518024874336577,
            0.7250362218523548,
            0.0,
            0.0,
            0.0,
            0.0,
            0.0,
            0.0,
            0.0,
            0.0,
            0.0,
            0.0,
            0.0,
            0.0,
            0.0,
            0.0,
            0.0,
            0.0,
            0.0,
            0.0,
            0.0,
            0.0,
            0.0,
            0.0,
            0.0,
            0.0
        ],
        "std": [
            0.06447975052922646,
            0.08908886204494966,
            0.046408101060698065,
            0.052386409489137246,
            0.1866333718945865,
            0.0803638066132722,
            0.16678430477429806,
            0.31736288510096744,
            1.0,
            1.0,
            1.0,
            1.0,
            1.0,
            1.0,
            1.0,
            1.0,
            1.0,
            1.0,
            1.0,
            1.0,
            1.0,
            1.0,
            1.0,
            1.0,
            1.0,
            1.0,
            1.0,
            1.0,
            1.0,
            1.0,
            1.0,
            1.0
        ]
    },
    "task_index": {
        "min": [
            0
        ],
        "max": [
            3
        ],
        "mean": [
            1.6243849768714493
        ],
        "std": [
            1.1185060492015284
        ]
    },
    "action": {
        "min": [
            -0.028727253898978233,
            -0.038314975798130035,
            -0.020856432616710663,
            -0.06693581491708755,
            -0.08530192822217941,
            -0.20552095770835876,
            -1.0,
            0.0,
            0.0,
            0.0,
            0.0,
            0.0,
            0.0,
            0.0,
            0.0,
            0.0,
            0.0,
            0.0,
            0.0,
            0.0,
            0.0,
            0.0,
            0.0,
            0.0,
            0.0,
            0.0,
            0.0,
            0.0,
            0.0,
            0.0,
            0.0,
            0.0
        ],
        "max": [
            0.026972630992531776,
            0.03570187836885452,
            0.03450340777635574,
            0.0679248794913292,
            0.06513521820306778,
            0.20391975343227386,
            1.0,
            0.0,
            0.0,
            0.0,
            0.0,
            0.0,
            0.0,
            0.0,
            0.0,
            0.0,
            0.0,
            0.0,
            0.0,
            0.0,
            0.0,
            0.0,
            0.0,
            0.0,
            0.0,
            0.0,
            0.0,
            0.0,
            0.0,
            0.0,
            0.0,
            0.0
        ],
        "mean": [
            0.0004523709639250909,
            0.0014728190483894747,
            -0.0011773410797575698,
            0.0009415626996931444,
            -0.0015870645088615363,
            0.0066944146389498966,
            0.13200247172921675,
            0.0,
            0.0,
            0.0,
            0.0,
            0.0,
            0.0,
            0.0,
            0.0,
            0.0,
            0.0,
            0.0,
            0.0,
            0.0,
            0.0,
            0.0,
            0.0,
            0.0,
            0.0,
            0.0,
            0.0,
            0.0,
            0.0,
            0.0,
            0.0,
            0.0
        ],
        "std": [
            0.006614307583021157,
            0.008999122073455877,
            0.007890110749049845,
            0.011611411139872253,
            0.01668140464467818,
            0.03642627074704971,
            0.9912493777766371,
            1.0,
            1.0,
            1.0,
            1.0,
            1.0,
            1.0,
            1.0,
            1.0,
            1.0,
            1.0,
            1.0,
            1.0,
            1.0,
            1.0,
            1.0,
            1.0,
            1.0,
            1.0,
            1.0,
            1.0,
            1.0,
            1.0,
            1.0,
            1.0,
            1.0
        ]
    },
    "timestamp": {
        "min": [
            0.0
        ],
        "max": [
            11.9
        ],
        "mean": [
            3.0032384060727266
        ],
        "std": [
            2.3362812472510983
        ]
    },
    "index": {
        "min": [
            0
        ],
        "max": [
            244502
        ],
        "mean": [
            122251.0
        ],
        "std": [
            70581.93643324521
        ]
    },
    "frame_index": {
        "min": [
            0
        ],
        "max": [
            119
        ],
        "mean": [
            30.03238406072727
        ],
        "std": [
            23.362812472510985
        ]
    }
}